sku,name,description,price,stock
MUG-001,Blue Ceramic Mug,350ml glazed ceramic coffee mug,12.50,120
MUG-002,Insulated Travel Mug,"Stainless steel, keeps drinks hot for 6 hours",24.99,80
BTL-001,Steel Water Bottle,750ml vacuum insulated bottle,19.90,150
BAG-001,Canvas Tote Bag,Heavy cotton everyday tote,15.00,200
BAG-002,Laptop Backpack,15 inch water-resistant backpack with USB port,59.00,60
NTB-001,Dotted Notebook A5,"Hardcover, 192 pages, dotted grid",11.75,300
NTB-002,Spiral Notebook,"Ruled paper, 120 pages",6.50,400
PEN-001,Gel Pen Set,Pack of 12 colored gel pens,9.99,250
PEN-002,Fountain Pen,Brass body fountain pen with converter,34.00,40
LMP-001,LED Desk Lamp,Dimmable lamp with warm and cool light modes,39.90,70
KBD-001,Mechanical Keyboard,Tenkeyless keyboard with brown switches,89.00,45
KBD-002,Wireless Keyboard,Slim bluetooth keyboard for tablets and laptops,45.00,90
MSE-001,Wireless Mouse,"Ergonomic bluetooth mouse, silent clicks",27.50,110
MSE-002,Gaming Mouse,Wired mouse with 16000 DPI sensor,49.00,55
HPH-001,Noise Cancelling Headphones,"Over-ear bluetooth headphones, 30h battery",149.00,35
HPH-002,Wired Earbuds,In-ear earbuds with microphone,14.90,220
CHG-001,USB-C Charger 65W,Fast GaN wall charger for laptops and phones,32.00,130
CBL-001,USB-C Cable 2m,Braided charging and data cable,8.90,500
STD-001,Laptop Stand,Adjustable aluminium laptop stand,29.00,85
WBC-001,HD Webcam,1080p webcam with built-in microphone,42.00,65
MON-001,27 inch Monitor,"QHD IPS monitor, 75Hz",229.00,25
CHR-001,Ergonomic Office Chair,Mesh back chair with lumbar support,199.00,20
DSK-001,Standing Desk Mat,Anti-fatigue foam mat,36.00,75
SPK-001,Bluetooth Speaker,"Portable waterproof speaker, 12h playtime",44.90,95